rename frsg04_aginc_backward aginc_backward
rename frsg04_aginc_predict aginc_predict
rename frsg04_avwage_backward avwage_backward
rename frsg04_avwage_predict avwage_predict
rename frsg04_nfincome_backward nfincome_backward
rename frsg04_nfincome_predict nfincome_predict
rename frsg04_nfpropnum_backward nfpropnum_backward
rename frsg04_nfpropnum_predict nfpropnum_predict
rename frsg04_nfpropincome_backward nfpropincome_backward
rename frsg04_nfpropincome_predict nfpropincome_predict
rename frsg04_output_backward output_backward
rename frsg04_output_predict output_predict
rename frsg04_percapinc_backward percapinc_backward
rename frsg04_percapinc_predict percapinc_predict
rename frsg04_pop_backward pop_backward
rename frsg04_pop_predict pop_predict
rename frsg04_wagebill_backward wagebill_backward
rename frsg04_wagebill_predict wagebill_predict
rename frsg04_wageemp_backward wageemp_backward
rename frsg04_wageemp_predict wageemp_predict
